part,gripper,x,y,angle
../data/dummy/part_1/part_1.png,../data/dummy/part_1/gripper_2.png,123.03102235620446,170.99729658746412,3.074107452364868
../data/dummy/part_2/part_2.png,../data/dummy/part_2/gripper_1.png,108.80001428783302,77.15770727969559,-6.443374535262287
